nombre,distrito_id,distrito_nombre,departamento_id,departamento_nombre,tipo,lat,lon,observacion
Campo La Pepita,,,6,San Justo,,-31.96542400000000,-60.91384600000000,
Humberto Primo,,,8,Castellanos,,-30.86820899858190,-61.34799524135820,
4 de Febrero,1710,Elortondo,17,General López,Paraje,-33.80848060088853,-61.58322021536423,
A. Pini,105,Tostado,1,Nueve de Julio,Paraje,-29.075913034702943,-61.737485720442606,
Aarón Castellanos (Est. Castellanos),1729,Aarón Castellanos (Est. Castellanos),17,General López,Comuna,-34.33258752319966,-62.374187290888976,
Acebal,1613,Acebal,16,Rosario,Comuna,-33.241720760873754,-60.83655534380007,
Adolfo Alsina,901,Elisa,9,Las Colonias,Paraje,-30.759772351555515,-61.12117123379383,
Aguará Grande,706,Aguará Grande,7,San Cristóbal,Comuna,-30.11601510544555,-60.89087018574093,
Albarellos,1621,Albarellos,16,Rosario,Comuna,-33.24115903448936,-60.6362235830445,
Alberdi,1603,Rosario,16,Rosario,Paraje,-32.883041443471775,-60.69712014755242,
Alcorta,1902,Alcorta,19,Constitución,Comuna,-33.5407800507161,-61.12402314138881,
Aldao,810,Aldao,8,Castellanos,Comuna,-30.980428290609346,-61.74319574389846,
Aldao,1507,Aldao,15,San Lorenzo,Comuna,-32.70440588516459,-60.8158103483549,
Alejandra,403,Alejandra,4,San Javier,Comuna,-29.909408940479263,-59.82702608589228,
Alto Verde,1011,Santa Fe,10,La Capital,Localidad,-31.664476553515936,-60.70049052971232,
Álvarez,1611,Álvarez,16,Rosario,Comuna,-33.12965168477247,-60.80158226524025,
Alvear,1609,Alvear,16,Rosario,Comuna,-33.05809722730698,-60.61812307267897,
Ambrosetti,703,Ambrosetti,7,San Cristóbal,Comuna,-30.012953574029027,-61.57551772096789,
Amenábar,1731,Amenábar,17,General López,Comuna,-34.13236994131269,-62.42414790719093,
Andino,1405,Andino,14,Iriondo,Comuna,-32.669807756978386,-60.875454302764076,
Ángel Gallardo,1009,Monte Vera,10,La Capital,Localidad,-31.55481973438558,-60.6771795660139,
Angélica,837,Angélica,8,Castellanos,Comuna,-31.550645225631044,-61.54623590892679,
Angeloni,614,Angeloni,6,San Justo,Comuna,-30.85698634352286,-60.64938515797435,
Apeadero Leyes,1008,Arroyo Aguiar,10,La Capital,Paraje,-31.462053592851603,-60.674104120682415,
Apeadero Río Salado,1003,Llambi Campbell,10,La Capital,Paraje,-31.16451137317826,-60.8091739300031,
Arequito,1803,Arequito,18,Caseros,Comuna,-33.14641720101677,-61.47153739744749,
Arminda,1623,Arminda,16,Rosario,Comuna,-33.263838803024875,-60.9668175034519,
Armstrong,1306,Armstrong,13,Belgrano,Municipalidad,-32.78528556268222,-61.6033539647186,
Arocena,1110,Arocena,11,San Jerónimo,Comuna,-32.07776951213819,-60.973404062798814,
Aromos,1003,Llambi Campbell,10,La Capital,Paraje,-31.182697420414026,-60.62470643432717,
Arrascaeta Ñandubay,611,San Justo,6,San Justo,Paraje,-30.816935243676976,-60.32798993879048,
Arroyo Aguiar,1008,Arroyo Aguiar,10,La Capital,Comuna,-31.430041535668828,-60.66598502312125,
Arroyo Ceibal,314,Arroyo Ceibal,3,General Obligado,Comuna,-28.72407135698304,-59.47927369136174,
Arroyo La Muñeca,304,Villa Guillermina,3,General Obligado,Paraje,-28.162624252044424,-59.74648933443664,
Arroyo Leyes,1015,Arroyo Leyes,10,La Capital,Comuna,-31.56020280669384,-60.520352428706154,
Arroyo Seco,1618,Arroyo Seco,16,Rosario,Municipalidad,-33.15627714530849,-60.50938898601865,
Arrufó,711,Arrufó,7,San Cristóbal,Comuna,-30.232394100460976,-61.72795640795522,
Arteaga,1801,Arteaga,18,Caseros,Comuna,-33.09003011336997,-61.79073706180297,
Ascochinga,1009,Monte Vera,10,La Capital,Paraje,-31.474878531407242,-60.67316442744209,
Ataliva,812,Ataliva,8,Castellanos,Comuna,-30.996251045850872,-61.431969967327746,
Aurelia Norte,826,Aurelia Sur,8,Castellanos,Localidad,-31.374685951112202,-61.36149297224728,
Aurelia Sur,826,Aurelia Sur,8,Castellanos,Comuna,-31.421918897231503,-61.424931034157964,
Avellaneda,319,Avellaneda,3,General Obligado,Municipalidad,-29.115748802794446,-59.65904537003346,
Barrancas,1115,Barrancas,11,San Jerónimo,Comuna,-32.234336085056036,-60.98358391157423,
Bauer Y Sigel,832,Bauer Y Sigel,8,Castellanos,Comuna,-31.271385627066998,-61.942637963754514,
Bella Italia,825,Bella Italia,8,Castellanos,Comuna,-31.28229842447566,-61.41035194864539,
Bella Vista,1502,Puerto San Martin,15,San Lorenzo,Paraje,-32.69951587567493,-60.73437367201879,
Berabevú,1811,Berabevú,18,Caseros,Comuna,-33.338732662404084,-61.861084254031226,
Berna,322,Berna,3,General Obligado,Comuna,-29.27333734254386,-59.84647197977958,
Bernardo de Irigoyen,1113,Bernardo de Irigoyen (Est. Irigoyen),11,San Jerónimo,Comuna,-32.16848279405444,-61.15687629409163,
Berretta,1411,Correa,14,Iriondo,Paraje,-32.93168679374198,-61.26148479552668,
Bigand,1807,Bigand,18,Caseros,Comuna,-33.373111037275436,-61.185484330407625,
Bombal,1901,Bombal,19,Constitución,Comuna,-33.45790198235162,-61.31817367308242,
Bouquet,1301,Bouquet,13,Belgrano,Comuna,-32.423573934774346,-61.88955480227701,
Bustinza,1409,Bustinza,14,Iriondo,Comuna,-32.738162155107226,-61.29087607833537,
Cabal,1002,Cabal,10,La Capital,Comuna,-31.099737448947643,-60.74660046620342,
Cabaña El Cisne,811,Sunchales,8,Castellanos,Paraje,-31.005123649810287,-61.59575251840431,
Cacique Ariacaiquín,405,Cacique Ariacaiquín,4,San Javier,Comuna,-30.654854750512882,-60.22834588933543,
Caferata,1701,Caferata,17,General López,Comuna,-33.440147290822075,-62.082301403788215,
Calchaquí,205,Calchaquí,2,Vera,Municipalidad,-29.8887701262955,-60.2844692096568,
Campana,1725,Christophersen,17,General López,Paraje,-34.170094582255636,-62.05354925819684,
Campo Andino,1004,Campo Andino,10,La Capital,Comuna,-31.239640952926603,-60.53119462450798,
Campo del Medio,501,Helvecia,5,Garay,Paraje,-31.14570386748719,-60.13199621296423,
Campo Garay (Juan de Garay),109,Campo Garay (Juan de Garay),1,Nueve de Julio,Comuna,-29.691437395244048,-61.60434438849685,
Campo Piaggio,1107,Campo Piaggio,11,San Jerónimo,Comuna,-31.966661542050286,-61.32864944784214,
Candioti,1007,Candioti,10,La Capital,Comuna,-31.401413347440695,-60.74901305527859,
Cañada De Gómez,1410,Cañada De Gómez,14,Iriondo,Municipalidad,-32.82319142409997,-61.39066698184452,Cabecera departamental
Cañada del Ucle,1705,Cañada del Ucle,17,General López,Comuna,-33.408022910211834,-61.60623256845004,
Cañada Ombú,208,Cañada Ombú,2,Vera,Comuna,-28.309296542733957,-59.98203399902422,
Cañada Rica,1911,Cañada Rica,19,Constitución,Comuna,-33.515363549486075,-60.61117120520587,
Cañada Rosquín,1206,Cañada Rosquín,12,San Martín,Comuna,-32.054378006046406,-61.60197588867679,
Capilla Fassi,815,Egusquiza,8,Castellanos,Paraje,-31.144257842241206,-61.59654029750039,
Capitán Bermúdez,1505,Capitán Bermúdez,15,San Lorenzo,Municipalidad,-32.81933219984843,-60.71970310006663,
Capivara,718,Capivara,7,San Cristóbal,Comuna,-30.460227230432988,-61.271206695780855,
Caraguatay,202,Vera,2,Vera,Localidad,-29.410560394032625,-60.13098271419339,
Carcarañá,1509,Carcarañá,15,San Lorenzo,Municipalidad,-32.857316960954066,-61.15188684830919,
Carlos Pellegrini,1211,Carlos Pellegrini,12,San Martín,Comuna,-32.050385351628265,-61.7828939545853,
Carmen,1711,Carmen,17,General López,Comuna,-33.73297780172821,-61.76092097734087,
Carmen Del Sauce,1614,Carmen Del Sauce,16,Rosario,Comuna,-33.2359732707731,-60.81170910222609,
Carreras,1708,Carreras,17,General López,Comuna,-33.5988287264856,-61.30962638445994,
Carrizales,1403,Carrizales,14,Iriondo,Comuna,-32.50875332445525,-61.03235018565238,
Casablanca,810,Aldao,8,Castellanos,Paraje,-30.966835055822404,-61.74034109870022,
Casalegno,1114,Casalegno,11,San Jerónimo,Comuna,-32.26334528472929,-61.12574347227797,
Casas,1212,Casas,12,San Martín,Comuna,-32.12578807441298,-61.53967130183897,
Casilda,1805,Casilda,18,Caseros,Municipalidad,-33.04562717054829,-61.16333147716694,Cabecera departamental
Castelar,1201,Castelar,12,San Martín,Comuna,-31.668426020895566,-62.09026797814379,
Castellanos,822,Castellanos,8,Castellanos,Comuna,-31.155127251607695,-61.733867899187146,
Cayastá,502,Cayastá,5,Garay,Comuna,-31.200690843841954,-60.159465436027325,
Cayastacito,617,Cayastacito,6,San Justo,Comuna,-31.112801962957015,-60.57998293080162,
Centeno,1122,Centeno,11,San Jerónimo,Comuna,-32.29597723428915,-61.407336813967945,
Cepeda,1908,Cepeda,19,Constitución,Comuna,-33.39720685187989,-60.62371782367248,
Ceres,701,Ceres,7,San Cristóbal,Municipalidad,-29.88330205118589,-61.945823332646654,
Chabás,1808,Chabás,18,Caseros,Comuna,-33.246402342591885,-61.35785436071164,
Chañar Ladeado,1812,Chañar Ladeado,18,Caseros,Comuna,-33.32310597257548,-62.038812393672195,
Chapuy,1712,Chapuy,17,General López,Comuna,-33.80045002293535,-61.7454559757761,
Chovet,1704,Chovet,17,General López,Comuna,-33.59915391861533,-61.60585092628016,
Christophersen,1725,Christophersen,17,General López,Comuna,-34.181877755388996,-62.0248437858868,
Clason,1401,Clason,14,Iriondo,Comuna,-32.4623617194155,-61.290417919930704,
Clucellas,835,Clucellas,8,Castellanos,Comuna,-31.452718514090915,-61.70663173216228,
Colastiné Norte,1011,Santa Fe,10,La Capital,Localidad,-31.630677568758067,-60.616560741289085,
Colastiné Sur,1011,Santa Fe,10,La Capital,Localidad,-31.662961239604037,-60.604340659235305,
Colmena,210,Intiyaco,2,Vera,Localidad,-28.763077531124424,-60.08908163967904,
Colonia Aburlich,103,San Bernardo,1,Nueve de Julio,Paraje,-28.67826448564121,-61.44110129150359,
Colonia Ana,713,Colonia Ana,7,San Cristóbal,Comuna,-30.14370154165013,-61.913659399039645,
Colonia Belgrano,1205,Colonia Belgrano,12,San Martín,Comuna,-31.90939230315105,-61.4008454379618,
Colonia Bicha,807,Colonia Bicha,8,Castellanos,Comuna,-30.8544053908985,-61.849622073034375,
Colonia Bigand,816,Colonia Bigand,8,Castellanos,Comuna,-31.066355614270172,-61.71930524118715,
Colonia Bossi,729,Colonia Bossi,7,San Cristóbal,Comuna,-30.668352977856433,-61.788466028761626,
Colonia Cavour,917,Colonia Cavour,9,Las Colonias,Comuna,-31.36482593550373,-61.01644074023629,
Colonia Cello,834,Colonia Cello,8,Castellanos,Comuna,-31.43198312226985,-61.84065095528042,
Colonia Dolores,618,Colonia Dolores,6,San Justo,Comuna,-30.38236947468428,-60.3306623755441,
Colonia Dos Rosas,728,Colonia Dos Rosas,7,San Cristóbal,Comuna,-30.59106677122704,-61.9681415286185,
Colonia Durán,402,Colonia Durán,4,San Javier,Comuna,-29.56066151609684,-59.926392244945134,
Colonia El Amargo,110,Villa Minetti,1,Nueve de Julio,Paraje,-28.652740808216485,-61.78043209061866,
Colonia El Carmen,1408,Salto Grande,14,Iriondo,Paraje,-32.77016781246845,-61.17183458807648,
Colonia Fidela,817,Colonia Fidela,8,Castellanos,Comuna,-31.052933380950314,-61.80069144512792,
Colonia Francesa,404,San Javier,4,San Javier,Paraje,-30.606016574987883,-59.9457991739082,
Colonia Iturraspe,836,Colonia Iturraspe,8,Castellanos,Comuna,-31.47943857329456,-61.62084975611249,
Colonia Ituzaingó,904,Colonia Ituzaingó,9,Las Colonias,Comuna,-30.781236580395202,-61.1744179297525,
Colonia La Clara,721,Colonia La Clara,7,San Cristóbal,Comuna,-30.530053701962135,-61.040403074820915,
Colonia La Hiedra,110,Villa Minetti,1,Nueve de Julio,Paraje,-28.62341287959641,-61.79912320589387,
Colonia La Mora,606,La Penca y Caraguatá,6,San Justo,Paraje,-30.293427517330684,-60.5737157075148,
Colonia La Negra,603,Vera Y Pintado,6,San Justo,Paraje,-30.105792953018774,-60.4508544102511,
Colonia La Yerba,1202,Crispi,12,San Martín,Paraje,-31.894938852527652,-62.05352026543093,
Colonia Margarita,845,Colonia Margarita,8,Castellanos,Comuna,-31.68597456759106,-61.64765378309534,
Colonia Mascias,505,Colonia Mascias,5,Garay,Comuna,-30.798576612143773,-60.00635606891586,
Colonia Mauá,802,Colonia Mauá,8,Castellanos,Comuna,-30.773361828575766,-61.26171374000185,
Colonia Medice,1402,Totoras,14,Iriondo,Paraje,-32.6015911017128,-61.37100103894561,
Colonia Minicuchi,110,Villa Minetti,1,Nueve de Julio,Paraje,-28.391516888011747,-61.712046591003315,
Colonia Nueva,918,Humboldt,9,Las Colonias,Localidad,-31.361533614759846,-61.14583760991258,
Colonia Pujol,916,Esperanza,9,Las Colonias,Paraje,-31.486340906765363,-60.80298533219198,
Colonia Raquel,804,Colonia Raquel,8,Castellanos,Comuna,-30.83658597402093,-61.48797230286942,
Colonia Reina Margarita,905,Soutomayor,9,Las Colonias,Paraje,-30.88598581047495,-61.231581535899466,
Colonia Rodríguez,935,San Carlos Centro,9,Las Colonias,Paraje,-31.700183362447593,-61.246057973764565,
Colonia Rosa,715,Colonia Rosa,7,San Cristóbal,Comuna,-30.300682593207547,-61.982646317030806,
Colonia Sager,401,Romang,4,San Javier,Paraje,-29.49402286553149,-59.92161371762924,
Colonia San Joaquín,505,Colonia Mascias,5,Garay,Paraje,-30.75525133236446,-59.998314333065366,
Colonia San José,404,San Javier,4,San Javier,Paraje,-30.412037322188443,-59.94567615186813,
Colonia San José,928,Colonia San José,9,Las Colonias,Comuna,-31.599559565804856,-60.871728964672236,
Colonia Santa Elena,724,Moisés Ville,7,San Cristóbal,Paraje,-30.639758260056354,-61.42773397309004,
Colonia Teresa,408,Colonia Teresa,4,San Javier,Comuna,-30.251388970076512,-59.970708891841305,
Constanza,723,Constanza,7,San Cristóbal,Comuna,-30.662036168429573,-61.320638344962376,
Constituyente,1008,Arroyo Aguiar,10,La Capital,Paraje,-31.371498038164646,-60.66348451358269,
Coronda,1105,Coronda,11,San Jerónimo,Municipalidad,-31.974489091033654,-60.916112357897866,Cabecera departamental
Coronel Arnold,1513,Coronel Arnold,15,San Lorenzo,Comuna,-33.105253216870025,-60.965929273646346,
Coronel Bogado,1620,Coronel Bogado,16,Rosario,Comuna,-33.31582624460468,-60.60300204254249,
Coronel Domínguez,1615,Coronel Domínguez,16,Rosario,Comuna,-33.18324618626282,-60.71936071812858,
Coronel Fraga,820,Coronel Fraga,8,Castellanos,Comuna,-31.173846263548963,-61.91819623793603,
Coronel Roseti,1727,Rufino,17,General López,Paraje,-34.29553024923554,-62.54298796476908,
Correa,1411,Correa,14,Iriondo,Comuna,-32.849177764251515,-61.25458928469966,
Costa del Toba,401,Romang,4,San Javier,Paraje,-29.47247693315165,-60.06269817733396,
Crispi,1202,Crispi,12,San Martín,Comuna,-31.73977281674698,-62.03714813716622,
Cuatro Bocas,110,Villa Minetti,1,Nueve de Julio,Paraje,-28.866253519990096,-61.852481702642564,
Cuatro Esquinas,1812,Chañar Ladeado,18,Caseros,Paraje,-33.25246603456323,-61.900148691095374,
Cululú,915,Cululú,9,Las Colonias,Comuna,-31.206138298169076,-60.92996460118451,
Curupaity,717,Curupaity,7,San Cristóbal,Comuna,-30.396113541469056,-61.65123393827635,
Desvío Allende,206,Toba,2,Vera,Paraje,-29.09766656857197,-60.14072005068099,
Desvío Arijón,1104,Desvío Arijón,11,San Jerónimo,Comuna,-31.871765391891195,-60.886337382651284,
Desvío Cerrito,202,Vera,2,Vera,Paraje,-29.3341840449277,-60.366120609360394,
Desvío Dr. Barros Pazos,320,Reconquista,3,General Obligado,Paraje,-29.20469063416274,-59.75072727789482,
Desvío Km. 236,202,Vera,2,Vera,Paraje,-29.600399265629413,-60.23847270625654,
Desvío Km. 282,206,Toba,2,Vera,Paraje,-29.18746331528218,-60.159460607517936,
Desvío Km. 293,109,Campo Garay (Juan de Garay),1,Nueve de Julio,Paraje,-29.624915919689876,-61.65217386034045,
Desvío Km. 320,211,Garabato,2,Vera,Paraje,-28.84702515454287,-60.111720419239774,
Desvío Ñandú,207,Fortín Olmos,2,Vera,Paraje,-29.157637338824877,-60.41168780346252,
Diego De Alvear,1730,Diego De Alvear,17,General López,Comuna,-34.37262141065557,-62.12802450325066,
Durhan,1707,Pueblo Miguel Torres,17,General López,Paraje,-33.55312224727497,-61.477254441142385,
Echeverría,1506,Ricardone,15,San Lorenzo,Paraje,-32.8262320115241,-60.84018832776001,
Egusquiza,815,Egusquiza,8,Castellanos,Comuna,-31.095366045311728,-61.62780950504749,
El 60,202,Vera,2,Vera,Paraje,-29.243168553883702,-60.42254143092852,
El Aguará,704,Huanqueros,7,San Cristóbal,Paraje,-29.95264626998062,-61.24192951311549,
El Arazá,321,El Arazá,3,General Obligado,Comuna,-29.13285208446465,-59.94837882166929,
El Bayo,811,Sunchales,8,Castellanos,Paraje,-31.030043791917404,-61.50703695684237,
El Cantor,1701,Caferata,17,General López,Paraje,-33.5141588359557,-62.13549550588479,
El Carmen,319,Avellaneda,3,General Obligado,Paraje,-29.022388572237404,-59.649022469547084,
El Gusano,403,Alejandra,4,San Javier,Paraje,-29.59640280084823,-59.77461589221789,
El Jardín,1710,Elortondo,17,General López,Paraje,-33.69450645015952,-61.68671340046414,
El Laurel,501,Helvecia,5,Garay,Paraje,-30.978193699792953,-60.066831271939975,
El Lucero,706,Aguará Grande,7,San Cristóbal,Paraje,-29.90348747221241,-60.84950476011657,
El Rabón,303,El Rabón,3,General Obligado,Comuna,-28.22745571348322,-59.26384736355975,
El Recreo,506,Saladero Cabal,5,Garay,Paraje,-30.87458642731164,-60.08247514028075,
El Ricardito,322,Berna,3,General Obligado,Paraje,-29.177068879798604,-59.94487976012715,
El Sombrerito,313,El Sombrerito,3,General Obligado,Comuna,-28.65534537292482,-59.4267208223847,
El Timbú,319,Avellaneda,3,General Obligado,Paraje,-29.01865994535885,-59.59018722659595,
El Trébol,1215,El Trébol,12,San Martín,Municipalidad,-32.197924940056055,-61.70201239430347,
Elisa,901,Elisa,9,Las Colonias,Comuna,-30.695780055759826,-61.04828347112546,
Elortondo,1710,Elortondo,17,General López,Comuna,-33.69788399724964,-61.61706676937725,
Emb. Km. 403,308,Villa Ocampo,3,General Obligado,Paraje,-28.57160264324643,-59.37608123130604,
Emilia,1001,Emilia,10,La Capital,Comuna,-31.05903618134909,-60.74493958942052,
Empalme San Carlos,927,Empalme San Carlos,9,Las Colonias,Comuna,-31.547751777241295,-60.813654381853354,
Empalme Villa Constitución,1916,Empalme Villa Constitución,19,Constitución,Comuna,-33.26056324911054,-60.38196850538639,
Esmeralda,842,Esmeralda,8,Castellanos,Comuna,-31.616248041618675,-61.932921401991905,
Esperanza,916,Esperanza,9,Las Colonias,Municipalidad,-31.448825189031623,-60.93028956909345,Cabecera departamental
Espín,202,Vera,2,Vera,Localidad,-29.539629341051274,-60.22168733915743,
Estación Avena,1204,San Martín De Las Escobas,12,San Martín,Paraje,-31.842594612966046,-61.55966053747444,
Estación Cabal,1002,Cabal,10,La Capital,Paraje,-31.10322777488435,-60.72736205097474,
Estación Clara,718,Capivara,7,San Cristóbal,Paraje,-30.545564643314368,-61.18845590911543,
Estación Clucellas,838,Estación Clucellas,8,Castellanos,Comuna,-31.52407853664054,-61.71822553988382,
Estación Díaz,1119,Estación Díaz,11,San Jerónimo,Comuna,-32.3707372491905,-61.0865238636907,
Estación Emilia,1001,Emilia,10,La Capital,Paraje,-31.06356187765993,-60.717899940944115,
Estación J. M.  Estrada,834,Colonia Cello,8,Castellanos,Localidad,-31.48900162810488,-61.90197008059007,
Estación Josefina,841,Frontera,8,Castellanos,Localidad,-31.4389118945804,-62.02738092187978,
Estación Km. 501,840,Zenón Pereyra,8,Castellanos,Localidad,-31.553989986459772,-61.978079175037294,
Estación María Juana,844,María Juana,8,Castellanos,Paraje,-31.713860694523625,-61.73013201223563,
Estación Moussy,319,Avellaneda,3,General Obligado,Localidad,-29.01670209441488,-59.68576207629634,
Estación Presidente Roca,823,Presidente Roca,8,Castellanos,Localidad,-31.232692695376098,-61.609113845750365,
Estación Saguier,829,Saguier,8,Castellanos,Localidad,-31.31732095382275,-61.696169424813505,
Estación Teodelina,1723,Teodelina,17,General López,Paraje,-34.14545784412822,-61.475420873758495,
Estación Villa Ana,309,Villa Ana,3,General Obligado,Paraje,-28.50672498190685,-59.66527821558464,
Esteban Rams,107,Esteban Rams,1,Nueve de Julio,Comuna,-29.771474627063675,-61.48929776339743,
Esther,616,Esther,6,San Justo,Comuna,-31.04168012821078,-60.643650566145126,
Eusebia,808,Eusebia,8,Castellanos,Comuna,-30.946431583473498,-61.857213381259314,
Eustolia,839,Eustolia,8,Castellanos,Comuna,-31.575240680644047,-61.78304492915449,
Felicia,912,Felicia,9,Las Colonias,Comuna,-31.244417059666226,-61.21214702745745,
Fighiera,1619,Fighiera,16,Rosario,Comuna,-33.193769252394006,-60.469384546784454,
Firmat,1706,Firmat,17,General López,Municipalidad,-33.45793939536411,-61.488735987731005,
Flor De Oro,316,Lanteri,3,General Obligado,Localidad,-28.924506173916967,-59.65270340710496,
Florencia,302,Florencia,3,General Obligado,Comuna,-28.040607455277048,-59.220480832966985,
Fortín 6 de Caballería,111,Santa Margarita,1,Nueve de Julio,Paraje,-28.274322498200874,-61.23391590629398,
Fortín Águila,207,Fortín Olmos,2,Vera,Paraje,-29.070652674622057,-60.480779820266186,
Fortín Alerta,106,Logroño,1,Nueve de Julio,Paraje,-29.412617281700207,-61.56321107995003,
Fortín Atahualpa,110,Villa Minetti,1,Nueve de Julio,Paraje,-28.77990527311101,-61.66297786316359,
Fortín Cabeza de Chancho,103,San Bernardo,1,Nueve de Julio,Paraje,-28.498519551144497,-61.34796048924362,
Fortín Cacique,105,Tostado,1,Nueve de Julio,Paraje,-29.19575002841991,-61.36524511570284,
Fortín Centinela,107,Esteban Rams,1,Nueve de Julio,Paraje,-29.44739682324996,-61.435931210073434,
Fortín Charrúa,207,Fortín Olmos,2,Vera,Paraje,-29.0932274917752,-60.965233992222494,
Fortín Chilcas,207,Fortín Olmos,2,Vera,Paraje,-29.125315519339814,-60.697749561168116,
Fortín Guaycurú,207,Fortín Olmos,2,Vera,Localidad,-29.100628511553168,-60.24011302427611,
Fortín Independencia,106,Logroño,1,Nueve de Julio,Paraje,-29.375674657811604,-61.635802155939096,
Fortín Los Pozos,105,Tostado,1,Nueve de Julio,Paraje,-29.181443697560173,-61.21026509592133,
Fortín Olmos,207,Fortín Olmos,2,Vera,Comuna,-29.05238944397063,-60.414399305083926,
Fortín Tacurí,102,Gato Colorado,1,Nueve de Julio,Paraje,-28.12546769786021,-61.198139756535724,
Fortín Toba,206,Toba,2,Vera,Paraje,-29.167796529611785,-60.14834799051668,
Fortín Tostado,105,Tostado,1,Nueve de Julio,Paraje,-29.289894565936777,-61.820623121541885,
Francisco Paz,1906,Santa Teresa,19,Constitución,Paraje,-33.41452782156829,-60.86932974888416,
Franck,926,Franck,9,Las Colonias,Comuna,-31.58714300208042,-60.938341793989714,
Fray Luis Beltrán,1504,Fray Luis Beltrán,15,San Lorenzo,Municipalidad,-32.790311015340244,-60.72780665192874,
Fredriksson,1706,Firmat,17,General López,Localidad,-33.44607909450123,-61.47875875584398,
Frontera,841,Frontera,8,Castellanos,Municipalidad,-31.435838219625616,-62.06521669948745,
Fuentes,1514,Fuentes,15,San Lorenzo,Comuna,-33.17252384395202,-61.074232206553496,
Funes,1604,Funes,16,Rosario,Municipalidad,-32.91602079981486,-60.81120999655573,
Gaboto,1117,Gaboto,11,San Jerónimo,Comuna,-32.43246173367498,-60.81786164946034,
Galisteo,813,Galisteo,8,Castellanos,Comuna,-31.049969733738813,-61.37189721427122,
Gálvez,1108,Gálvez,11,San Jerónimo,Municipalidad,-32.0299031620946,-61.22435361225569,
Garabato,211,Garabato,2,Vera,Comuna,-28.95464182142896,-60.13793752405869,
Garibaldi,843,Garibaldi,8,Castellanos,Comuna,-31.650831315228178,-61.80456237654069,
Gato Colorado,102,Gato Colorado,1,Nueve de Julio,Comuna,-28.02214514712776,-61.18689954008619,
General Gelly,1912,General Gelly,19,Constitución,Comuna,-33.599682296161625,-60.59564215497279,
General Lagos,1617,General Lagos,16,Rosario,Comuna,-33.109801517287266,-60.564051747235546,
Gessler,1102,Gessler,11,San Jerónimo,Comuna,-31.87432990288692,-61.12682754858267,
Gobernador Crespo,607,Gobernador Crespo,6,San Justo,Comuna,-30.362704148544523,-60.40161022035054,
Godeken,1813,Godeken,18,Caseros,Comuna,-33.40124560645604,-61.84290156997475,
Godoy,1914,Godoy,19,Constitución,Comuna,-33.36838388137488,-60.50775003179417,
Golondrina,209,Golondrina,2,Vera,Comuna,-28.557218844805746,-60.02453809595013,
Granadero Baigorria,1602,Granadero Baigorria,16,Rosario,Municipalidad,-32.86139945431223,-60.70140168775728,
Gregoria P. De Denis,101,Gregoria P. De Denis,1,Nueve de Julio,Comuna,-28.22759361456006,-61.529063290193015,
Grutly Norte,913,Grutly Sur,9,Las Colonias,Localidad,-31.216117660602333,-61.1039941902745,
Grutly Sur,913,Grutly Sur,9,Las Colonias,Comuna,-31.26867063601231,-61.07193192228757,
Guadalupe Norte,327,Guadalupe Norte,3,General Obligado,Comuna,-28.939042305868316,-59.56240510661611,
Guasuncho,309,Villa Ana,3,General Obligado,Paraje,-28.328170541529854,-59.613327025353506,
Guaycurú,206,Toba,2,Vera,Localidad,-29.12979565898966,-60.1498259000608,
Hardy,303,El Rabón,3,General Obligado,Paraje,-28.14610202122194,-59.26286662078437,
Helvecia,501,Helvecia,5,Garay,Comuna,-31.098852487203505,-60.08924543201901,Cabecera departamental
Hersilia,702,Hersilia,7,San Cristóbal,Comuna,-30.003870455019573,-61.83887849547121,
Hipatia,910,Hipatia,9,Las Colonias,Comuna,-31.125904902219265,-61.03266869981677,
Huanqueros,704,Huanqueros,7,San Cristóbal,Comuna,-30.011910779110192,-61.21860797731473,
Hugentobler,809,Hugentobler,8,Castellanos,Comuna,-30.91799674200517,-61.754305684919025,
Hughes,1720,Hughes,17,General López,Comuna,-33.79865138968253,-61.336722804522005,
Humberto 1º,803,Humberto 1º,8,Castellanos,Comuna,-30.868208998717726,-61.347995241354276,
Humboldt,918,Humboldt,9,Las Colonias,Comuna,-31.400843517225134,-61.082358189517166,
Ibarlucea,1601,Ibarlucea,16,Rosario,Comuna,-32.8518690019836,-60.79070991006332,
Independencia,106,Logroño,1,Nueve de Julio,Paraje,-29.374980745568653,-61.73810784896209,
Ing.  Baosi,911,Sarmiento,9,Las Colonias,Paraje,-31.083449122215573,-61.18028296056613,
Ingeniero Chanourdie,312,Ingeniero Chanourdie,3,General Obligado,Comuna,-28.759711376138476,-59.57688209831049,
Intiyaco,210,Intiyaco,2,Vera,Comuna,-28.67559849561364,-60.072180861640454,
Irigoyen,1112,Irigoyen,11,San Jerónimo,Comuna,-32.15766404815733,-61.10871702622761,
Iriondo,1006,Nelson,10,La Capital,Paraje,-31.31370488212059,-60.75650488769912,
Isleta Linda,103,San Bernardo,1,Nueve de Julio,Paraje,-28.738754202638447,-61.07239857873263,
Iturraspe,1301,Bouquet,13,Belgrano,Paraje,-32.42286595484968,-61.78597762931346,
Jacinto L.  Aráuz,902,Jacinto L.  Aráuz,9,Las Colonias,Comuna,-30.73452902118389,-60.97561021204257,
José  M. Macías,611,San Justo,6,San Justo,Paraje,-30.736504074869693,-60.27326383774088,
Josefina,833,Josefina,8,Castellanos,Comuna,-31.406278406424896,-61.991461318795146,
Juan B. Molina,1913,Juan B. Molina,19,Constitución,Comuna,-33.494297324770415,-60.51260830423777,
Juncal,1903,Juncal,19,Constitución,Comuna,-33.715318802514936,-61.049228006502396,
Km 465,1203,Sastre,12,San Martín,Localidad,-31.8260708426447,-61.772130785769825,
Km.  483,843,Garibaldi,8,Castellanos,Paraje,-31.687846286038216,-61.87209499892027,
Km. 109,211,Garabato,2,Vera,Paraje,-28.872236182712353,-60.23534764168332,
Km. 115,211,Garabato,2,Vera,Paraje,-28.825103029588877,-60.22329257187149,
Km. 119,211,Garabato,2,Vera,Paraje,-28.790432920650183,-60.21769409631364,
Km. 124,210,Intiyaco,2,Vera,Paraje,-28.759887355274813,-60.18905912010608,
Km. 213,205,Calchaquí,2,Vera,Paraje,-29.801241923475494,-60.27160649551746,
Km. 302,206,Toba,2,Vera,Paraje,-29.01110047358575,-60.141171656619086,
Km. 312,106,Logroño,1,Nueve de Julio,Paraje,-29.42615060628575,-61.7183633909763,
Km. 348,209,Golondrina,2,Vera,Paraje,-28.61366505484796,-60.05103791201871,
Km. 375,208,Cañada Ombú,2,Vera,Paraje,-28.374889728312684,-59.989190964885275,
Km. 392,212,Los Amores,2,Vera,Paraje,-28.216668525084142,-59.98725765292289,
Km. 408,308,Villa Ocampo,3,General Obligado,Paraje,-28.54221589571092,-59.35644997976971,
Km. 41,312,Ingeniero Chanourdie,3,General Obligado,Paraje,-28.582907310747213,-59.68285470500315,
Km. 421,307,Tacuarendí,3,General Obligado,Paraje,-28.40968537319334,-59.29834459876409,
Km. 452,101,Gregoria P. De Denis,1,Nueve de Julio,Paraje,-28.247131787065076,-61.448500363581765,
Km. 468,101,Gregoria P. De Denis,1,Nueve de Julio,Paraje,-28.085524911283574,-61.46721847656921,
Km. 49,304,Villa Guillermina,3,General Obligado,Paraje,-28.15124526532592,-59.49465067982448,
Km. 67,309,Villa Ana,3,General Obligado,Paraje,-28.373225834642806,-59.65408092627854,
Km. 85,837,Angélica,8,Castellanos,Paraje,-31.518209563278347,-61.457111120922505,
Km. 89,207,Fortín Olmos,2,Vera,Paraje,-29.020982411380853,-60.3340054567198,
La Blanca,605,La Criolla,6,San Justo,Paraje,-30.18618579902268,-60.48903517824193,
La Brava,406,La Brava,4,San Javier,Comuna,-30.445318167010836,-60.14115384830957,
La Cabral,732,La Cabral,7,San Cristóbal,Comuna,-30.086786065915938,-61.17840898118014,
La Caima,1104,Desvío Arijón,11,San Jerónimo,Paraje,-31.832604524647547,-60.87439580327864,
La California,1302,Las Rosas,13,Belgrano,Paraje,-32.54324162246186,-61.549085526324696,
La Camila,602,La Camila,6,San Justo,Comuna,-30.079397150170735,-60.56345119514987,
La Carolina,1610,Piñero,16,Rosario,Paraje,-33.078110951140985,-60.70212260428238,
La Celia,320,Reconquista,3,General Obligado,Paraje,-29.222642497982903,-59.775461011712025,
La Chispa,1702,La Chispa,17,General López,Comuna,-33.543637393227804,-61.97285823498243,
La Cigüeña,207,Fortín Olmos,2,Vera,Paraje,-29.256373494131932,-61.01312609151695,
La Criolla,605,La Criolla,6,San Justo,Comuna,-30.226100479859152,-60.36392108531487,
La Diamela,322,Berna,3,General Obligado,Paraje,-29.206286710760054,-59.948540593913286,
La Esmeralda,324,Los Laureles,3,General Obligado,Paraje,-29.324539167446037,-59.70852187656541,
La Flor,1810,Los Quirquinchos,18,Caseros,Paraje,-33.28889000047232,-61.66788897576077,
La Frontera,824,Rafaela,8,Castellanos,Paraje,-31.19947465485821,-61.461359839720004,
La Gallareta,203,La Gallareta,2,Vera,Comuna,-29.58518380904549,-60.379487610600776,
La Guardia,1011,Santa Fe,10,La Capital,Localidad,-31.6421162006052,-60.63378232306338,
La Lola,320,Reconquista,3,General Obligado,Paraje,-29.253565123687284,-59.68621040143534,
La Lucila,720,La Lucila,7,San Cristóbal,Comuna,-30.41977469747471,-61.0031832927204,
La María,403,Alejandra,4,San Javier,Paraje,-29.74601033253797,-59.93015583298694,
La Noria,506,Saladero Cabal,5,Garay,Paraje,-30.895628958976282,-60.127224909519875,
La Pelada,903,La Pelada,9,Las Colonias,Comuna,-30.866049891691347,-60.96834168041478,
La Penca y Caraguatá,606,La Penca y Caraguatá,6,San Justo,Comuna,-30.347277977269187,-60.52078352529395,
La Potasa,328,Nicanor E. Molinas,3,General Obligado,Paraje,-29.141432280008438,-59.76132620420653,
La Reserva,309,Villa Ana,3,General Obligado,Localidad,-28.500452490030778,-59.51693603204528,
La Ribera,1501,Timbúes,15,San Lorenzo,Localidad,-32.637779824626385,-60.818845221431026,
La Rubia,712,La Rubia,7,San Cristóbal,Comuna,-30.11011536565005,-61.793487183333944,
La Sarita,326,La Sarita,3,General Obligado,Comuna,-28.97225913100982,-59.84969896955094,
La Sarnosa,207,Fortín Olmos,2,Vera,Paraje,-29.234639082618646,-60.5322455437963,
La Sirena,326,La Sarita,3,General Obligado,Paraje,-28.995581611558087,-59.762993933797645,
La Vanguardia,326,La Sarita,3,General Obligado,Paraje,-28.911300234740153,-59.83909968910473,
La Vanguardia,1907,La Vanguardia,19,Constitución,Comuna,-33.35814291653436,-60.657000783579996,
La Viuda,1803,Arequito,18,Caseros,Paraje,-33.22225972989755,-61.559220708120414,
Labordeboy,1721,Labordeboy,17,General López,Comuna,-33.720628386686094,-61.31830382222597,
Laguna Paiva,1005,Laguna Paiva,10,La Capital,Municipalidad,-31.307283515947468,-60.65998574132362,
Landeta,1210,Landeta,12,San Martín,Comuna,-32.01265381418232,-62.06189829683676,
Lanteri,316,Lanteri,3,General Obligado,Comuna,-28.840661934134467,-59.636697689855296,
Larguia,1402,Totoras,14,Iriondo,Localidad,-32.55194154491866,-61.21796227955947,
Larrechea,1103,Larrechea,11,San Jerónimo,Comuna,-31.9341071097844,-61.049309871622725,
Las 4 Bocas,103,San Bernardo,1,Nueve de Julio,Paraje,-28.61099697515203,-61.42838601373287,
Las Amintas,322,Berna,3,General Obligado,Paraje,-29.272875523085993,-59.80044410206524,
Las Avispas,705,Las Avispas,7,San Cristóbal,Comuna,-29.893139012580452,-61.28941639614494,
Las Bandurrias,1213,Las Bandurrias,12,San Martín,Comuna,-32.19717342009314,-61.491594946259454,
Las Cañas,501,Helvecia,5,Garay,Paraje,-31.013856738358857,-60.27440538655929,
Las Chunas,211,Garabato,2,Vera,Paraje,-28.960860374692786,-60.112469795241914,
Las Gamas,202,Vera,2,Vera,Paraje,-29.429486097440755,-60.40101357037311,
Las Garzas,315,Las Garzas,3,General Obligado,Comuna,-28.846125872911426,-59.499682196238645,
Las Palmas,324,Los Laureles,3,General Obligado,Paraje,-29.430154197447223,-59.74661627675043,
Las Palmeras,730,Las Palmeras,7,San Cristóbal,Comuna,-30.63016031120634,-61.62575563260783,
Las Parejas,1303,Las Parejas,13,Belgrano,Municipalidad,-32.68167261499559,-61.520022187568884,
Las Petacas,1209,Las Petacas,12,San Martín,Comuna,-31.82096526358734,-62.11212065501687,
Las Rosas,1302,Las Rosas,13,Belgrano,Municipalidad,-32.47502968612547,-61.57657399690612,Cabecera departamental
Las Toscas,305,Las Toscas,3,General Obligado,Municipalidad,-28.354909613794025,-59.259415411393405,
Las Trojas,1410,Cañada De Gómez,14,Iriondo,Paraje,-32.799309553728136,-61.44978839168665,
Las Tunas,924,Las Tunas,9,Las Colonias,Comuna,-31.572006257882165,-60.99652899764975,
Lassaga,1003,Llambi Campbell,10,La Capital,Paraje,-31.21200277434904,-60.78345456060107,
Lazzarino,1728,Lazzarino,17,General López,Comuna,-34.16419859743726,-62.432324658763825,
Lehmann,814,Lehmann,8,Castellanos,Comuna,-31.12531286240841,-61.45227009366609,
Llambi Campbell,1003,Llambi Campbell,10,La Capital,Comuna,-31.184166577251275,-60.74771605286732,
Logroño,106,Logroño,1,Nueve de Julio,Comuna,-29.503038721511107,-61.696220861583946,
Loma Alta,1106,Loma Alta,11,San Jerónimo,Comuna,-31.959921319911086,-61.17679980894004,
López,1101,López,11,San Jerónimo,Comuna,-31.905003567559497,-61.28167358046897,
Los Amores,212,Los Amores,2,Vera,Comuna,-28.103118766143115,-59.97774948741845,
Los Cardenales,404,San Javier,4,San Javier,Paraje,-30.607566277832994,-60.05030314365262,
Los Cardos,1214,Los Cardos,12,San Martín,Comuna,-32.3223677184692,-61.63144742394876,
Los Cerrillos,502,Cayastá,5,Garay,Paraje,-31.296496736293616,-60.27015452383116,
Los Charabones,105,Tostado,1,Nueve de Julio,Paraje,-29.1924245644554,-61.80603440071438,
Los Corrales,911,Sarmiento,9,Las Colonias,Paraje,-31.140444343554282,-61.19466611610639,
Los Corralitos,403,Alejandra,4,San Javier,Paraje,-30.07296597181319,-59.85707555339691,
Los Laureles,324,Los Laureles,3,General Obligado,Comuna,-29.369832932942213,-59.73770293045791,
Los Leones,210,Intiyaco,2,Vera,Paraje,-28.557599315997667,-60.15390555343159,
Los Molinos,1804,Los Molinos,18,Caseros,Comuna,-33.102202889744106,-61.32659247422076,
Los Muchachos,1610,Piñero,16,Rosario,Paraje,-33.085132257825784,-60.73530508846018,
Los Nogales,1802,San José De La Esquina,18,Caseros,Paraje,-33.14156273172483,-61.60508625906547,
Los Paraísos,901,Elisa,9,Las Colonias,Paraje,-30.68868495203687,-61.18863043754888,
Los Quirquinchos,1810,Los Quirquinchos,18,Caseros,Comuna,-33.37720549770399,-61.711109390099494,
Los Sembrados,846,San Vicente,8,Castellanos,Localidad,-31.664830693028026,-61.54328151145483,
Los Tábanos,209,Golondrina,2,Vera,Localidad,-28.45757461985363,-59.982278585535965,
Los Zapallos,503,Santa Rosa,5,Garay,Paraje,-31.493761515731347,-60.428709969931624,
Luciano Leiva,614,Angeloni,6,San Justo,Paraje,-30.867418041559805,-60.61864002213624,
Lucio V. López,1407,Lucio V. López,14,Iriondo,Comuna,-32.712943136092555,-61.01971160741248,
Luis Palacios,1508,Luis Palacios,15,San Lorenzo,Comuna,-32.78277707108764,-60.90550592550694,
Maciel,1118,Maciel,11,San Jerónimo,Comuna,-32.456776220323725,-60.89242864619217,
Maggiolo,1715,Maggiolo,17,General López,Comuna,-33.72219720219765,-62.24644016579794,
Maizales,1515,Villa Mugueta,15,San Lorenzo,Paraje,-33.32056202439007,-60.96414602602262,
Malabrigo,323,Malabrigo,3,General Obligado,Municipalidad,-29.34877040383386,-59.97003647852628,
Mangore,846,San Vicente,8,Castellanos,Paraje,-31.641076133084976,-61.67965441143973,
Manucho,1006,Nelson,10,La Capital,Paraje,-31.268536878768373,-60.81410712167298,
Marcelino Escalada,609,Marcelino Escalada,6,San Justo,Comuna,-30.580934570582958,-60.468428271587726,
Margarita,204,Margarita,2,Vera,Comuna,-29.69257725494531,-60.25214649905166,
María Eugenia,707,Villa Saralegui,7,San Cristóbal,Paraje,-30.482310676526847,-60.87171546855167,
María Juana,844,María Juana,8,Castellanos,Comuna,-31.675549700102604,-61.751614056478225,
María Luisa,907,María Luisa,9,Las Colonias,Comuna,-31.010642843989025,-60.91073657775539,
María Susana,1217,María Susana,12,San Martín,Comuna,-32.26684317642798,-61.90579753379903,
María Teresa,1717,María Teresa,17,General López,Comuna,-34.01107138728742,-61.91266264999914,
Matilde,936,Matilde,9,Las Colonias,Comuna,-31.791522407503926,-60.98007506751277,
Máximo Paz,1904,Máximo Paz,19,Constitución,Comuna,-33.48482068620167,-60.95722235921759,
Melincué,1709,Melincué,17,General López,Comuna,-33.66112828459517,-61.45700733345785,Cabecera departamental
Merceditas,1722,Wheelwright,17,General López,Paraje,-33.96008291662823,-61.32292892521499,
Miguel Escalada,612,Naré,6,San Justo,Paraje,-31.03526725404882,-60.51481259194103,
Mocoví,309,Villa Ana,3,General Obligado,Paraje,-28.415092909920606,-59.68437781722647,
Moisés Ville,724,Moisés Ville,7,San Cristóbal,Comuna,-30.714462152702996,-61.47054176043104,
Mojón de Hierro,105,Tostado,1,Nueve de Julio,Paraje,-29.130328866983334,-61.88979389310707,
Monigotes,725,Monigotes,7,San Cristóbal,Comuna,-30.48836652411033,-61.634197940076064,
Monje,1116,Monje,11,San Jerónimo,Comuna,-32.36031473537297,-60.94288968069441,
Monte Flores,1616,Villa Amelia,16,Rosario,Paraje,-33.1072187471827,-60.687311468815786,
Monte Oscuridad,727,Monte Oscuridad,7,San Cristóbal,Comuna,-30.441415511617695,-62.10295774363506,
Monte Vera,1009,Monte Vera,10,La Capital,Comuna,-31.515489072350487,-60.6782933397396,
Montefiore,108,Montefiore,1,Nueve de Julio,Comuna,-29.666743511344553,-61.86589185612466,
Montes De Oca,1304,Montes De Oca,13,Belgrano,Comuna,-32.56637998398825,-61.768240383377886,Cabecera departamental
Murphy,1703,Murphy,17,General López,Comuna,-33.642595876029084,-61.85648216826138,
Naré,612,Naré,6,San Justo,Comuna,-30.951163221180014,-60.467784773088745,
Nelson,1006,Nelson,10,La Capital,Comuna,-31.265780982899585,-60.76453861525609,
Nicanor E. Molinas,328,Nicanor E. Molinas,3,General Obligado,Comuna,-29.129543904922716,-59.83149385560377,
Nueva Italia,107,Esteban Rams,1,Nueve de Julio,Paraje,-29.82592437544341,-61.388836323004,
Nueva Lehmann,814,Lehmann,8,Castellanos,Localidad,-31.117641992990222,-61.51421345764301,
Nuevo Torino,919,Nuevo Torino,9,Las Colonias,Comuna,-31.345051301745208,-61.2350818352263,
Ñanducita,719,Ñanducita,7,San Cristóbal,Comuna,-30.370729606466117,-61.13246472725129,
Ogilvie,202,Vera,2,Vera,Localidad,-29.35904734812915,-60.14261682872796,
Oliveros,1404,Oliveros,14,Iriondo,Comuna,-32.57390200406481,-60.85470860658683,
Oratorio Morante,1914,Godoy,19,Constitución,Paraje,-33.421532645456196,-60.411167250565754,
Oroño,1102,Gessler,11,San Jerónimo,Paraje,-31.91783953396731,-61.102168068631855,
Padre Pedro Iturralde,110,Villa Minetti,1,Nueve de Julio,Paraje,-28.497255712091434,-61.594604119005815,
Paikín,611,San Justo,6,San Justo,Paraje,-30.89534095306274,-60.37267792663146,
Pájaro Blanco,403,Alejandra,4,San Javier,Paraje,-29.778858685153995,-59.7969834495446,
Palacios,731,Palacios,7,San Cristóbal,Comuna,-30.708022409050894,-61.621867632010726,
Paraje Arroyo del Rey,312,Ingeniero Chanourdie,3,General Obligado,Paraje,-28.64153976091671,-59.77217095809716,
Paraje El Algarrobal,316,Lanteri,3,General Obligado,Paraje,-28.829252387726587,-59.69981885401008,
Paraje El Ceibo,403,Alejandra,4,San Javier,Paraje,-29.668574991489205,-59.777406817231174,
Paraje El Histórico,207,Fortín Olmos,2,Vera,Paraje,-28.962334745973894,-60.439286444249944,
Paraje El Toro,203,La Gallareta,2,Vera,Paraje,-29.424880205024536,-60.672931769983244,
Paraje Florida,210,Intiyaco,2,Vera,Paraje,-28.680261760502376,-59.98694601043342,
Paraje Km. 12,206,Toba,2,Vera,Paraje,-29.24488393045157,-60.307390969401986,
Paraje Km. 17,206,Toba,2,Vera,Paraje,-29.197932655310193,-60.27863051707306,
Paraje Km. 29,207,Fortín Olmos,2,Vera,Localidad,-29.10602606300818,-60.23644054766823,
Paraje La Campesina,703,Ambrosetti,7,San Cristóbal,Paraje,-30.127709242041313,-61.59919976729762,
Paraje La Posta,103,San Bernardo,1,Nueve de Julio,Paraje,-28.606522700563595,-61.51111107712581,
Paraje La Sarita Vieja,326,La Sarita,3,General Obligado,Paraje,-28.976110099871295,-59.81593765933624,
Paraje La Selva,326,La Sarita,3,General Obligado,Paraje,-29.062686524377714,-59.937389082702836,
Paraje La Sirena,326,La Sarita,3,General Obligado,Paraje,-29.026200888047597,-59.783862819411226,
Paraje La Solita,105,Tostado,1,Nueve de Julio,Paraje,-29.31587662292098,-61.84396514018034,
Paraje Los Lapachos,316,Lanteri,3,General Obligado,Paraje,-28.765113659653128,-59.68143392746051,
Paraje San Roque,402,Colonia Durán,4,San Javier,Paraje,-29.620494141854262,-59.9905387926215,
Paso Las Piedras,606,La Penca y Caraguatá,6,San Justo,Paraje,-30.329511875400605,-60.63052439729019,
Pavón,1919,Pavón,19,Constitución,Comuna,-33.2419983540636,-60.40524797873931,
Pavón Arriba,1905,Pavón Arriba,19,Constitución,Comuna,-33.312457235830145,-60.82412209901135,
Pedro Gómez Cello,601,Pedro Gómez Cello,6,San Justo,Comuna,-30.03703470877697,-60.31523997655919,
Pérez,1606,Pérez,16,Rosario,Municipalidad,-32.9982788684462,-60.768777962871006,
Petronila,707,Villa Saralegui,7,San Cristóbal,Paraje,-30.655563020489122,-60.66487862867871,
Peyrano,1910,Peyrano,19,Constitución,Comuna,-33.53861738112912,-60.80141548076743,
Piamonte,1216,Piamonte,12,San Martín,Comuna,-32.14394386192142,-61.98019018249254,
Pilar,920,Pilar,9,Las Colonias,Comuna,-31.440411827329445,-61.25966996079883,
Piñero,1610,Piñero,16,Rosario,Comuna,-33.11013630585049,-60.79543114897925,
Plaza Matilde,936,Matilde,9,Las Colonias,Localidad,-31.79637171414911,-61.00983334974076,
Portugalete,710,Portugalete,7,San Cristóbal,Comuna,-30.175980476272407,-61.285120072150406,
Pozo Borrado,104,Pozo Borrado,1,Nueve de Julio,Comuna,-28.937535796936096,-61.70720103689969,
Pozo De Los Indios - Paraje Km. 101,211,Garabato,2,Vera,Localidad,-28.946401748782,-60.251311878267174,
Presidente Roca,823,Presidente Roca,8,Castellanos,Comuna,-31.212085794081936,-61.61349532861655,
Progreso,909,Progreso,9,Las Colonias,Comuna,-31.13782368001972,-60.98957201779277,
Providencia,906,Providencia,9,Las Colonias,Comuna,-30.98286718035353,-61.021182658443266,
Pueblo Abc,915,Cululú,9,Las Colonias,Paraje,-31.312535120168903,-60.960380588634195,
Pueblo Esther,1625,Pueblo Esther,16,Rosario,Comuna,-33.07508499087815,-60.57333267545146,
Pueblo Hansen,1810,Los Quirquinchos,18,Caseros,Localidad,-33.265853869552664,-61.70794456786625,
Pueblo Marini,818,Pueblo Marini,8,Castellanos,Comuna,-31.03819153354941,-61.889068175548104,
Pueblo Miguel Torres,1707,Pueblo Miguel Torres,17,General López,Comuna,-33.52775825136413,-61.46491515936822,
Pueblo Muñoz,1612,Pueblo Muñoz,16,Rosario,Comuna,-33.17202619285271,-60.89809250049292,
Pueblo San Antonio,830,Pueblo San Antonio,8,Castellanos,Comuna,-31.21223237125326,-61.72468067666795,
Pueblo Uranga,1622,Pueblo Uranga,16,Rosario,Comuna,-33.261615316536655,-60.708238093239785,
Puerto Aragón,1115,Barrancas,11,San Jerónimo,Localidad,-32.24265145314617,-60.9224046655142,
Puerto Ocampo,308,Villa Ocampo,3,General Obligado,Paraje,-28.558239992906525,-59.16349092273212,
Puerto Piracuá,303,El Rabón,3,General Obligado,Paraje,-28.147556009244315,-59.13132190479825,
Puerto Piracuacito,303,El Rabón,3,General Obligado,Paraje,-28.228586856261927,-59.11742889570227,
Puerto Reconquista,320,Reconquista,3,General Obligado,Paraje,-29.235803413973777,-59.581249946009244,
Puerto San Martin,1502,Puerto San Martin,15,San Lorenzo,Municipalidad,-32.71606567585624,-60.73134955798948,
Puesto el 23,111,Santa Margarita,1,Nueve de Julio,Paraje,-28.277721574261957,-61.34479050926151,
Pujato,1512,Pujato,15,San Lorenzo,Comuna,-33.01648275004147,-61.04376056151681,
Pujato Norte,925,Pujato Norte,9,Las Colonias,Comuna,-31.52017510221266,-60.92854234562445,
Rafaela,824,Rafaela,8,Castellanos,Municipalidad,-31.25260259716998,-61.49170014576931,Cabecera departamental
Ramal San Juan,304,Villa Guillermina,3,General Obligado,Paraje,-28.244986020112176,-59.54106861806461,
Ramayón,610,Ramayón,6,San Justo,Comuna,-30.67351762074167,-60.50097784094658,
Ramona,819,Ramona,8,Castellanos,Comuna,-31.091800347268943,-61.90246873584789,
Rastreador Fournier,1718,Santa Isabel,17,General López,Paraje,-33.86715404028836,-61.679094897684124,
Reconquista,320,Reconquista,3,General Obligado,Municipalidad,-29.152611095794285,-59.654209694446386,Cabecera departamental
Recreo,1010,Recreo,10,La Capital,Municipalidad,-31.49085981414202,-60.735492544643044,
Ricardone,1506,Ricardone,15,San Lorenzo,Comuna,-32.77298937924878,-60.78393599947523,
Rincón Potrero,1015,Arroyo Leyes,10,La Capital,Paraje,-31.544269253101614,-60.512314220988465,
Rincón Quebracho,707,Villa Saralegui,7,San Cristóbal,Paraje,-30.721391926595352,-60.63157845273035,
Ripamonti,726,Suardi,7,San Cristóbal,Paraje,-30.48437990502188,-61.93865942707985,
Rivadavia,914,Rivadavia,9,Las Colonias,Comuna,-31.32424084837461,-61.05075880548612,
Roldán,1511,Roldán,15,San Lorenzo,Municipalidad,-32.9001807477678,-60.90492764856165,
Romang,401,Romang,4,San Javier,Comuna,-29.50257877617965,-59.752604578245275,
Rosario,1603,Rosario,16,Rosario,Municipalidad,-32.95817760245079,-60.66626403482084,Cabecera departamental
Rueda,1915,Rueda,19,Constitución,Comuna,-33.334100995444466,-60.45913172656152,
Rufino,1727,Rufino,17,General López,Municipalidad,-34.262775588301764,-62.7120828816161,
Runciman,1718,Santa Isabel,17,General López,Paraje,-33.8989844219777,-61.82583643324632,
Sa Pereira,932,Sa Pereira,9,Las Colonias,Comuna,-31.570982475164115,-61.3801557972542,
Saguier,829,Saguier,8,Castellanos,Comuna,-31.324369762975362,-61.66803349032039,
Saladero Cabal,506,Saladero Cabal,5,Garay,Comuna,-30.881300207255915,-60.0361910043064,
Salto Grande,1408,Salto Grande,14,Iriondo,Comuna,-32.66613034176798,-61.08823999054533,
San Agustín,929,San Agustín,9,Las Colonias,Comuna,-31.682904188952868,-60.940618211263164,
San Antonio De Obligado,306,San Antonio De Obligado,3,General Obligado,Comuna,-28.383114636565,-59.26433917018003,
San Bernardo,103,San Bernardo,1,Nueve de Julio,Comuna,-28.66760090280994,-61.52844019732205,
San Bernardo,613,San Bernardo,6,San Justo,Comuna,-30.88949240733049,-60.57151410511914,
San Carlos Centro,935,San Carlos Centro,9,Las Colonias,Municipalidad,-31.72658225122733,-61.09077082288048,
San Carlos Norte,930,San Carlos Norte,9,Las Colonias,Comuna,-31.672596279457316,-61.074582557709086,
San Carlos Sud,937,San Carlos Sud,9,Las Colonias,Comuna,-31.76080843662429,-61.10071527904269,
San Cristóbal,708,San Cristóbal,7,San Cristóbal,Municipalidad,-30.310266220282823,-61.23529883619677,Cabecera departamental
San Eduardo,1716,San Eduardo,17,General López,Comuna,-33.870640611179276,-62.092464650983615,
San Estanislao,1412,Villa Eloísa,14,Iriondo,Paraje,-32.90911306250171,-61.51932385975161,
San Eugenio,1109,San Eugenio,11,San Jerónimo,Comuna,-32.076185376133225,-61.1157240165548,
San Fabián,1111,San Fabián,11,San Jerónimo,Comuna,-32.13798213026026,-60.983051990420286,
San Francisco De Santa Fe,1714,San Francisco De Santa Fe,17,General López,Comuna,-33.58853773618585,-62.12373689124462,
San Genaro,1121,San Genaro,11,San Jerónimo,Municipalidad,-32.37156850967566,-61.359990624693,
San Gregorio,1724,San Gregorio,17,General López,Comuna,-34.32425172774288,-62.03667870272407,
San Guillermo,716,San Guillermo,7,San Cristóbal,Comuna,-30.358424171379724,-61.91731740371067,
San Javier,404,San Javier,4,San Javier,Municipalidad,-30.582089168997758,-59.93397608364456,Cabecera departamental
San Jerónimo Del Sauce,931,San Jerónimo Del Sauce,9,Las Colonias,Comuna,-31.608927500553524,-61.141247202437384,
San Jerónimo Norte,923,San Jerónimo Norte,9,Las Colonias,Comuna,-31.55268159286316,-61.0779142678811,
San Jerónimo Sur,1510,San Jerónimo Sur,15,San Lorenzo,Comuna,-32.87899814413819,-61.02341501276442,
San Jorge,1208,San Jorge,12,San Martín,Municipalidad,-31.896111639905005,-61.859705898554836,
San José De La Esquina,1802,San José De La Esquina,18,Caseros,Comuna,-33.11539992479286,-61.704124391770435,
San José Del Rincón,1016,San José Del Rincón,10,La Capital,Municipalidad,-31.606458652620915,-60.56745500085478,
San Justo,611,San Justo,6,San Justo,Municipalidad,-30.789380203022777,-60.591840939707865,Cabecera departamental
San Lorenzo,1503,San Lorenzo,15,San Lorenzo,Municipalidad,-32.74440905411091,-60.737784965743565,Cabecera departamental
San Manuel,326,La Sarita,3,General Obligado,Localidad,-28.871302802015716,-59.86403254730587,
San Mariano,933,San Mariano,9,Las Colonias,Comuna,-31.668360205292423,-61.34725542972981,
San Martín De Las Escobas,1204,San Martín De Las Escobas,12,San Martín,Comuna,-31.857377232348334,-61.56950193622114,
San Martín Norte,604,San Martín Norte,6,San Justo,Comuna,-30.345553440468883,-60.30364487727393,
San Pedro,1008,Arroyo Aguiar,10,La Capital,Paraje,-31.429585988916156,-60.616320384631905,
San Ricardo,1412,Villa Eloísa,14,Iriondo,Localidad,-33.02920052001453,-61.6006043204475,
San Vicente,308,Villa Ocampo,3,General Obligado,Paraje,-28.498684951072157,-59.264491234602154,
San Vicente,846,San Vicente,8,Castellanos,Comuna,-31.699089970838394,-61.56743583363901,
San Wendelino,923,San Jerónimo Norte,9,Las Colonias,Paraje,-31.50364448221387,-61.02906575727839,
Sancti Spiritu,1726,Sancti Spiritu,17,General López,Comuna,-34.01022213992207,-62.23850162962849,
Sanford,1806,Sanford,18,Caseros,Comuna,-33.144675403449384,-61.27927877670656,
Santa Ana,319,Avellaneda,3,General Obligado,Paraje,-28.95415086948079,-59.64692388069855,
Santa Clara De Buena Vista,934,Santa Clara De Buena Vista,9,Las Colonias,Comuna,-31.76230419818712,-61.315674488866684,
Santa Clara De Saguier,831,Santa Clara De Saguier,8,Castellanos,Comuna,-31.33558357072015,-61.817893725393404,
Santa Emilia,1710,Elortondo,17,General López,Paraje,-33.8360428922429,-61.505495263486985,
Santa Fe,1011,Santa Fe,10,La Capital,Municipalidad,-31.624447776242345,-60.6988397800217,Capital provincial
Santa Felicia,202,Vera,2,Vera,Localidad,-29.360782589136548,-60.24208676848149,
Santa Isabel,1718,Santa Isabel,17,General López,Comuna,-33.888677385176535,-61.6936364878156,
Santa Lucia,202,Vera,2,Vera,Localidad,-29.284550210435306,-60.39952668782243,
Santa Margarita,111,Santa Margarita,1,Nueve de Julio,Comuna,-28.31249943757281,-61.54893011874167,
Santa María Centro,921,Santa María Centro,9,Las Colonias,Comuna,-31.52133634030028,-61.312861912014824,
Santa María Norte,922,Santa María Norte,9,Las Colonias,Comuna,-31.50167835547863,-61.136626346594625,
Santa Rosa,503,Santa Rosa,5,Garay,Comuna,-31.4190901985078,-60.334648043505645,
Santa Teresa,1402,Totoras,14,Iriondo,Paraje,-32.59227572922219,-61.17821716494426,
Santa Teresa,1906,Santa Teresa,19,Constitución,Comuna,-33.43776441168646,-60.79003995950119,
Santo Domingo,908,Santo Domingo,9,Las Colonias,Comuna,-31.120427128527755,-60.88811052444279,
Santo Tomé,1012,Santo Tomé,10,La Capital,Municipalidad,-31.662970063594692,-60.7618011414313,
Santurce,709,Santurce,7,San Cristóbal,Comuna,-30.187945559649755,-61.18529910226988,
Sargento Cabral,1909,Sargento Cabral,19,Constitución,Comuna,-33.429879769182214,-60.626886579761525,
Sarmiento,911,Sarmiento,9,Las Colonias,Comuna,-31.05858243081239,-61.16713574724332,
Sastre,1203,Sastre,12,San Martín,Municipalidad,-31.767506615339205,-61.82880531994218,Cabecera departamental
Sauce Viejo,1013,Sauce Viejo,10,La Capital,Comuna,-31.771072649451835,-60.83717642657587,
Schiffner,1210,Landeta,12,San Martín,Localidad,-31.97937051040754,-62.05329075599848,
Serodino,1406,Serodino,14,Iriondo,Comuna,-32.60367049406408,-60.94727647930198,
Silva,608,Silva,6,San Justo,Comuna,-30.44901205888883,-60.430886187592854,
Soldini,1607,Soldini,16,Rosario,Comuna,-33.022264791591084,-60.75546214905798,
Soledad,722,Soledad,7,San Cristóbal,Comuna,-30.619484333092373,-60.91451223551813,
Soutomayor,905,Soutomayor,9,Las Colonias,Comuna,-30.935668188079458,-61.16517674202317,
Stephenson,1908,Cepeda,19,Constitución,Paraje,-33.41586333830965,-60.55749945294795,
Suardi,726,Suardi,7,San Cristóbal,Comuna,-30.534355973563688,-61.96107717516529,
Sunchales,811,Sunchales,8,Castellanos,Municipalidad,-30.944933541219964,-61.56071058475201,
Susana,827,Susana,8,Castellanos,Comuna,-31.35581381211322,-61.51548330335812,
T. Alva. Edison,911,Sarmiento,9,Las Colonias,Paraje,-31.070006170166746,-61.25345201322178,
Tacuarendí,307,Tacuarendí,3,General Obligado,Comuna,-28.41436684281221,-59.26117393221066,
Tacural,805,Tacural,8,Castellanos,Comuna,-30.84621795446147,-61.59184401398752,
Tacurales,806,Tacurales,8,Castellanos,Comuna,-30.821859439291547,-61.744813440251015,
Tarragona,1727,Rufino,17,General López,Paraje,-34.19022075635761,-62.53857802402562,
Tartagal,213,Tartagal,2,Vera,Comuna,-28.671782411988325,-59.845568480574215,
Teodelina,1723,Teodelina,17,General López,Comuna,-34.18787497137459,-61.52985383199375,
Theobald,1917,Theobald,19,Constitución,Comuna,-33.31014972406866,-60.31165303246893,
Timbúes,1501,Timbúes,15,San Lorenzo,Comuna,-32.66779666088844,-60.7936472508241,
Toba,206,Toba,2,Vera,Comuna,-29.26618919802324,-60.171652398404674,
Tortugas,1305,Tortugas,13,Belgrano,Comuna,-32.74746841515955,-61.82115874731983,
Tostado,105,Tostado,1,Nueve de Julio,Municipalidad,-29.23001166855765,-61.77082037284903,Cabecera departamental
Totoras,1402,Totoras,14,Iriondo,Municipalidad,-32.58715951815073,-61.17160793112975,
Traill,1207,Traill,12,San Martín,Comuna,-31.92132976008161,-61.702678001669135,
Tres Bocas,312,Ingeniero Chanourdie,3,General Obligado,Paraje,-28.68782808155178,-59.663342668334344,
Tres Isletas,312,Ingeniero Chanourdie,3,General Obligado,Paraje,-28.705379993810165,-59.63141126416645,
Tres Pozos,101,Gregoria P. De Denis,1,Nueve de Julio,Paraje,-28.028127456829267,-61.48289045004129,
Tres Pozos,105,Tostado,1,Nueve de Julio,Paraje,-29.17331372875408,-61.15565805227317,
Venado Tuerto,1713,Venado Tuerto,17,General López,Municipalidad,-33.74080270396529,-61.97464433867199,
Vera,202,Vera,2,Vera,Municipalidad,-29.463665107193897,-60.214636304875874,Cabecera departamental
Vera Mujica,611,San Justo,6,San Justo,Paraje,-30.856236648746965,-60.47455022584143,
Vera Y Pintado,603,Vera Y Pintado,6,San Justo,Comuna,-30.142136351938355,-60.33872498903428,
Víctor Manuel ll,326,La Sarita,3,General Obligado,Paraje,-29.049829794228373,-59.85282419955048,
Videla,615,Videla,6,San Justo,Comuna,-30.9447758050533,-60.65658980022506,
Vila,821,Vila,8,Castellanos,Comuna,-31.190906353492768,-61.83372496011183,
Villa Adela,308,Villa Ocampo,3,General Obligado,Paraje,-28.489755490167212,-59.399094414145445,
Villa Amelia,1616,Villa Amelia,16,Rosario,Comuna,-33.17590734791739,-60.666682421323195,
Villa Ana,309,Villa Ana,3,General Obligado,Comuna,-28.491573859359285,-59.61346234984252,
Villa Cañás,1719,Villa Cañás,17,General López,Municipalidad,-34.00473680576195,-61.60346477041887,
Villa Constitución,1918,Villa Constitución,19,Constitución,Municipalidad,-33.231024099324884,-60.33172017184082,
Villa Cuatro Esquinas,1622,Pueblo Uranga,16,Rosario,Paraje,-33.245442277845655,-60.763785870499724,
Villa del Plata,1611,Álvarez,16,Rosario,Paraje,-33.129811226392924,-60.71714128763072,
Villa Diego,1608,Villa Gobernador Gálvez,16,Rosario,Paraje,-33.01869214841034,-60.61000802842945,
Villa Divisa de Mayo,1704,Chovet,17,General López,Paraje,-33.548005590225195,-61.67143490110532,
Villa Eloísa,1412,Villa Eloísa,14,Iriondo,Comuna,-32.96391107400255,-61.55112569395107,
Villa Estela,1721,Labordeboy,17,General López,Paraje,-33.70794937918596,-61.30977385050873,
Villa Gobernador Gálvez,1608,Villa Gobernador Gálvez,16,Rosario,Municipalidad,-33.02382007776103,-60.640608128939476,
Villa Guillermina,304,Villa Guillermina,3,General Obligado,Comuna,-28.242948720820483,-59.45561049953635,
Villa Minetti,110,Villa Minetti,1,Nueve de Julio,Comuna,-28.62283143820818,-61.62674191677095,
Villa Mugueta,1515,Villa Mugueta,15,San Lorenzo,Comuna,-33.31295066508628,-61.05343687128277,
Villa Ocampo,308,Villa Ocampo,3,General Obligado,Municipalidad,-28.487789786201372,-59.35484764652939,
Villa San José,828,Villa San José,8,Castellanos,Comuna,-31.33673281504755,-61.62155297258628,
Villa Saralegui,707,Villa Saralegui,7,San Cristóbal,Comuna,-30.54145923758627,-60.74923791578873,
Villa Trinidad,714,Villa Trinidad,7,San Cristóbal,Comuna,-30.215822530337814,-61.87698081706494,
Villada,1809,Villada,18,Caseros,Comuna,-33.34999964556812,-61.444369180728614,
Virginia,801,Virginia,8,Castellanos,Comuna,-30.739120226415597,-61.34198659451001,
Wheelwright,1722,Wheelwright,17,General López,Comuna,-33.7901019017991,-61.21001699991332,
Wildermuth,1205,Colonia Belgrano,12,San Martín,Localidad,-31.943434749516086,-61.400080057627626,
Yaguareté,305,Las Toscas,3,General Obligado,Paraje,-28.30858678853592,-59.26118930650531,
Yamandú,1008,Arroyo Aguiar,10,La Capital,Paraje,-31.391789490432988,-60.66054738342916,
Zavalla,1605,Zavalla,16,Rosario,Comuna,-33.021671971443176,-60.87988097451093,
Zenón Pereyra,840,Zenón Pereyra,8,Castellanos,Comuna,-31.559846554854598,-61.895601913819654,
